id,first_name,last_name,email,gender,ip_address
1,Celestyn,Quickfall,cquickfall0@biblegateway.com,Male,153.64.88.185
2,Matias,Lerhinan,mlerhinan1@chron.com,Male,85.241.99.91
3,Jozef,Baton,jbaton2@java.com,Female,52.26.21.159
4,Else,Jaquet,ejaquet3@purevolume.com,Genderqueer,112.181.219.135
5,Amelita,Strauss,astrauss4@hibu.com,Female,110.68.254.232
6,Caralie,Tann,ctann5@ebay.com,Bigender,225.183.12.247
7,Daffie,Defont,ddefont6@disqus.com,Male,39.59.203.73
8,Osborn,Reiling,oreiling7@theglobeandmail.com,Female,223.198.172.130
9,Alaster,Blissitt,ablissitt8@nydailynews.com,Female,225.236.80.94
10,Modesty,Binding,mbinding9@vimeo.com,Female,238.3.35.134